scenario,policy,action_attempts,resource_writes,events,modeled_db_roundtrips,redundant_modeled_roundtrips,noops,duplicates,filtered,budget_stops,visited_stops,failures,dead_letters,ready_peak,backlog_peak,logical_ticks,watchdog,pending,a,b
acyclic,naive,3,3,3,6,0,0,0,0,0,0,0,0,1,1,0,false,0,1,1
acyclic,dedup_only,3,3,3,8,0,0,0,0,0,0,0,0,1,1,0,false,0,1,1
acyclic,noop_only,3,3,3,6,0,0,0,0,0,0,0,0,1,1,0,false,0,1,1
acyclic,filters_only,3,3,3,6,0,0,0,0,0,0,0,0,1,1,0,false,0,1,1
acyclic,hop_only,3,3,3,6,0,0,0,0,0,0,0,0,1,1,0,false,0,1,1
acyclic,work_only,3,3,3,6,0,0,0,0,0,0,0,0,1,1,0,false,0,1,1
acyclic,visited_only,3,3,3,6,0,0,0,0,0,0,0,0,1,1,0,false,0,1,1
acyclic,queue_only,3,3,3,6,0,0,0,0,0,0,0,0,1,1,0,false,0,1,1
acyclic,semantic_without_budgets,3,3,3,8,0,0,0,0,0,0,0,0,1,1,0,false,0,1,1
acyclic,layered,3,3,3,8,0,0,0,0,0,0,0,0,1,1,0,false,0,1,1
echo,naive,129,129,129,258,254,0,0,0,0,0,0,0,1,1,0,true,1,1,1
echo,dedup_only,129,129,129,386,381,0,0,0,0,0,0,0,1,1,0,true,1,1,1
echo,noop_only,3,2,2,5,1,1,0,0,0,0,0,0,1,1,0,false,0,1,1
echo,filters_only,3,3,3,6,2,0,0,1,0,0,0,0,1,1,0,false,0,1,1
echo,hop_only,9,9,9,18,14,0,0,0,1,0,0,0,1,1,0,false,0,1,1
echo,work_only,13,13,13,26,22,0,0,0,1,0,0,0,1,1,0,false,0,1,1
echo,visited_only,2,2,2,4,0,0,0,0,0,1,0,0,1,1,0,false,0,1,1
echo,queue_only,129,129,129,258,254,0,0,0,0,0,0,0,1,1,0,true,1,1,1
echo,semantic_without_budgets,3,2,2,8,3,1,0,0,0,0,0,0,1,1,0,false,0,1,1
echo,layered,3,2,2,8,3,1,0,0,0,0,0,0,1,1,0,false,0,1,1
oscillation,naive,129,129,129,258,0,0,0,0,0,0,0,0,1,1,0,true,1,1,0
oscillation,dedup_only,129,129,129,386,0,0,0,0,0,0,0,0,1,1,0,true,1,1,0
oscillation,noop_only,129,129,129,258,0,0,0,0,0,0,0,0,1,1,0,true,1,1,0
oscillation,filters_only,129,129,129,258,0,0,0,0,0,0,0,0,1,1,0,true,1,1,0
oscillation,hop_only,9,9,9,18,0,0,0,0,1,0,0,0,1,1,0,false,0,1,0
oscillation,work_only,13,13,13,26,0,0,0,0,1,0,0,0,1,1,0,false,0,1,0
oscillation,visited_only,2,2,2,4,0,0,0,0,0,1,0,0,1,1,0,false,0,1,1
oscillation,queue_only,129,129,129,258,0,0,0,0,0,0,0,0,1,1,0,true,1,1,0
oscillation,semantic_without_budgets,129,129,129,386,0,0,0,0,0,0,0,0,1,1,0,true,1,1,0
oscillation,layered,17,17,17,51,0,0,0,0,1,0,0,0,1,1,0,false,0,1,0
converging,naive,129,129,129,258,248,0,0,0,0,0,0,0,1,1,0,true,1,4,4
converging,dedup_only,129,129,129,386,372,0,0,0,0,0,0,0,1,1,0,true,1,4,4
converging,noop_only,6,5,5,11,1,1,0,0,0,0,0,0,1,1,0,false,0,4,4
converging,filters_only,6,6,6,12,2,0,0,1,0,0,0,0,1,1,0,false,0,4,4
converging,hop_only,9,9,9,18,8,0,0,0,1,0,0,0,1,1,0,false,0,4,4
converging,work_only,13,13,13,26,16,0,0,0,1,0,0,0,1,1,0,false,0,4,4
converging,visited_only,2,2,2,4,0,0,0,0,0,1,0,0,1,1,0,false,0,1,2
converging,queue_only,129,129,129,258,248,0,0,0,0,0,0,0,1,1,0,true,1,4,4
converging,semantic_without_budgets,6,5,5,17,3,1,0,0,0,0,0,0,1,1,0,false,0,4,4
converging,layered,6,5,5,17,3,1,0,0,0,0,0,0,1,1,0,false,0,4,4
unrelated,naive,129,129,129,258,256,0,0,0,0,0,0,0,1,1,0,true,1,0,0
unrelated,dedup_only,129,129,129,386,384,0,0,0,0,0,0,0,1,1,0,true,1,0,0
unrelated,noop_only,2,1,1,3,1,1,0,0,0,0,0,0,1,1,0,false,0,0,0
unrelated,filters_only,1,1,1,2,0,0,0,1,0,0,0,0,0,0,0,false,0,0,0
unrelated,hop_only,9,9,9,18,16,0,0,0,1,0,0,0,1,1,0,false,0,0,0
unrelated,work_only,13,13,13,26,24,0,0,0,1,0,0,0,1,1,0,false,0,0,0
unrelated,visited_only,2,2,2,4,2,0,0,0,0,1,0,0,1,1,0,false,0,0,0
unrelated,queue_only,129,129,129,258,256,0,0,0,0,0,0,0,1,1,0,true,1,0,0
unrelated,semantic_without_budgets,1,1,1,2,0,0,0,1,0,0,0,0,0,0,0,false,0,0,0
unrelated,layered,1,1,1,2,0,0,0,1,0,0,0,0,0,0,0,false,0,0,0
duplicate,naive,3,3,3,6,0,0,0,0,0,0,0,0,2,2,0,false,0,1,2
duplicate,dedup_only,2,2,2,6,1,0,1,0,0,0,0,0,2,2,0,false,0,1,1
duplicate,noop_only,3,3,3,6,0,0,0,0,0,0,0,0,2,2,0,false,0,1,2
duplicate,filters_only,3,3,3,6,0,0,0,0,0,0,0,0,2,2,0,false,0,1,2
duplicate,hop_only,3,3,3,6,0,0,0,0,0,0,0,0,2,2,0,false,0,1,2
duplicate,work_only,3,3,3,6,0,0,0,0,0,0,0,0,2,2,0,false,0,1,2
duplicate,visited_only,3,3,3,6,0,0,0,0,0,0,0,0,2,2,0,false,0,1,2
duplicate,queue_only,3,3,3,6,0,0,0,0,0,0,0,0,2,2,0,false,0,1,2
duplicate,semantic_without_budgets,2,2,2,6,1,0,1,0,0,0,0,0,2,2,0,false,0,1,1
duplicate,layered,2,2,2,6,1,0,1,0,0,0,0,0,2,2,0,false,0,1,1
restart,naive,3,3,3,6,0,0,0,0,0,0,0,0,1,1,0,false,0,1,2
restart,dedup_only,2,2,2,6,1,0,1,0,0,0,0,0,1,1,0,false,0,1,1
restart,noop_only,3,3,3,6,0,0,0,0,0,0,0,0,1,1,0,false,0,1,2
restart,filters_only,3,3,3,6,0,0,0,0,0,0,0,0,1,1,0,false,0,1,2
restart,hop_only,3,3,3,6,0,0,0,0,0,0,0,0,1,1,0,false,0,1,2
restart,work_only,3,3,3,6,0,0,0,0,0,0,0,0,1,1,0,false,0,1,2
restart,visited_only,3,3,3,6,0,0,0,0,0,0,0,0,1,1,0,false,0,1,2
restart,queue_only,3,3,3,6,0,0,0,0,0,0,0,0,1,1,0,false,0,1,2
restart,semantic_without_budgets,2,2,2,6,1,0,1,0,0,0,0,0,1,1,0,false,0,1,1
restart,layered,2,2,2,6,1,0,1,0,0,0,0,0,1,1,0,false,0,1,1
failure,naive,4,1,1,5,0,0,0,0,0,0,3,1,1,1,3,false,0,1,0
failure,dedup_only,4,1,1,8,0,0,0,0,0,0,3,1,1,1,3,false,0,1,0
failure,noop_only,4,1,1,5,0,0,0,0,0,0,3,1,1,1,3,false,0,1,0
failure,filters_only,4,1,1,5,0,0,0,0,0,0,3,1,1,1,3,false,0,1,0
failure,hop_only,4,1,1,5,0,0,0,0,0,0,3,1,1,1,3,false,0,1,0
failure,work_only,4,1,1,5,0,0,0,0,0,0,3,1,1,1,3,false,0,1,0
failure,visited_only,4,1,1,5,0,0,0,0,0,0,3,1,1,1,3,false,0,1,0
failure,queue_only,4,1,1,5,0,0,0,0,0,0,3,1,1,1,3,false,0,1,0
failure,semantic_without_budgets,4,1,1,8,0,0,0,0,0,0,3,1,1,1,3,false,0,1,0
failure,layered,4,1,1,8,0,0,0,0,0,0,3,1,1,1,3,false,0,1,0
transient,naive,4,2,2,6,0,0,0,0,0,0,2,0,1,1,3,false,0,1,1
transient,dedup_only,4,2,2,9,0,0,0,0,0,0,2,0,1,1,3,false,0,1,1
transient,noop_only,4,2,2,6,0,0,0,0,0,0,2,0,1,1,3,false,0,1,1
transient,filters_only,4,2,2,6,0,0,0,0,0,0,2,0,1,1,3,false,0,1,1
transient,hop_only,4,2,2,6,0,0,0,0,0,0,2,0,1,1,3,false,0,1,1
transient,work_only,4,2,2,6,0,0,0,0,0,0,2,0,1,1,3,false,0,1,1
transient,visited_only,4,2,2,6,0,0,0,0,0,0,2,0,1,1,3,false,0,1,1
transient,queue_only,4,2,2,6,0,0,0,0,0,0,2,0,1,1,3,false,0,1,1
transient,semantic_without_budgets,4,2,2,9,0,0,0,0,0,0,2,0,1,1,3,false,0,1,1
transient,layered,4,2,2,9,0,0,0,0,0,0,2,0,1,1,3,false,0,1,1
permanent,naive,2,1,1,3,0,0,0,0,0,0,1,1,1,1,0,false,0,1,0
permanent,dedup_only,2,1,1,4,0,0,0,0,0,0,1,1,1,1,0,false,0,1,0
permanent,noop_only,2,1,1,3,0,0,0,0,0,0,1,1,1,1,0,false,0,1,0
permanent,filters_only,2,1,1,3,0,0,0,0,0,0,1,1,1,1,0,false,0,1,0
permanent,hop_only,2,1,1,3,0,0,0,0,0,0,1,1,1,1,0,false,0,1,0
permanent,work_only,2,1,1,3,0,0,0,0,0,0,1,1,1,1,0,false,0,1,0
permanent,visited_only,2,1,1,3,0,0,0,0,0,0,1,1,1,1,0,false,0,1,0
permanent,queue_only,2,1,1,3,0,0,0,0,0,0,1,1,1,1,0,false,0,1,0
permanent,semantic_without_budgets,2,1,1,4,0,0,0,0,0,0,1,1,1,1,0,false,0,1,0
permanent,layered,2,1,1,4,0,0,0,0,0,0,1,1,1,1,0,false,0,1,0
fanout,naive,65,65,65,130,0,0,0,0,0,0,0,0,64,64,0,false,0,1,1
fanout,dedup_only,65,65,65,194,0,0,0,0,0,0,0,0,64,64,0,false,0,1,1
fanout,noop_only,65,65,65,130,0,0,0,0,0,0,0,0,64,64,0,false,0,1,1
fanout,filters_only,65,65,65,130,0,0,0,0,0,0,0,0,64,64,0,false,0,1,1
fanout,hop_only,65,65,65,130,0,0,0,0,0,0,0,0,64,64,0,false,0,1,1
fanout,work_only,13,13,13,26,0,0,0,0,52,0,0,0,64,64,0,false,0,1,1
fanout,visited_only,65,65,65,130,0,0,0,0,0,0,0,0,64,64,0,false,0,1,1
fanout,queue_only,65,65,65,130,0,0,0,0,0,0,0,0,4,64,0,false,0,1,1
fanout,semantic_without_budgets,65,65,65,194,0,0,0,0,0,0,0,0,4,64,0,false,0,1,1
fanout,layered,65,65,65,194,0,0,0,0,0,0,0,0,4,64,0,false,0,1,1
