phase,strategy,sample,seconds,binary_bytes
application_clean,generated,0,1.274197,4053064
main_edit,generated,0,0.300434,4053064
application_clean,hybrid,0,1.257500,4053040
main_edit,hybrid,0,0.298726,4053040
application_clean,runtime,0,1.476822,4114496
main_edit,runtime,0,0.298791,4114496
application_clean,hybrid,1,1.249354,4053040
main_edit,hybrid,1,0.300060,4053040
application_clean,runtime,1,1.442919,4114496
main_edit,runtime,1,0.299284,4114496
application_clean,generated,1,1.280515,4053064
main_edit,generated,1,0.295456,4053064
application_clean,runtime,2,1.451255,4114496
main_edit,runtime,2,0.303930,4114496
application_clean,generated,2,1.270557,4053064
main_edit,generated,2,0.300563,4053064
application_clean,hybrid,2,1.262168,4053040
main_edit,hybrid,2,0.299378,4053040
application_clean,generated,3,1.285011,4053064
main_edit,generated,3,0.298185,4053064
application_clean,hybrid,3,1.246800,4053040
main_edit,hybrid,3,0.299124,4053040
application_clean,runtime,3,1.443915,4114496
main_edit,runtime,3,0.299139,4114496
application_clean,hybrid,4,1.253473,4053040
main_edit,hybrid,4,0.301872,4053040
application_clean,runtime,4,1.457037,4114496
main_edit,runtime,4,0.300803,4114496
application_clean,generated,4,1.270202,4053064
main_edit,generated,4,0.298345,4053064
