rows,indexed,case,sample,mode,choice,ns,candidates,vm_steps
1000,false,broad,0,selected,Core,439186,1000,10009
1000,false,broad,0,core,Core,313166,1000,10009
1000,false,broad,0,native,Native,456399,200,16608
1000,false,broad,1,core,Core,306113,1000,10009
1000,false,broad,1,native,Native,429177,200,16608
1000,false,broad,1,selected,Core,319639,1000,10009
1000,false,broad,2,native,Native,428205,200,16608
1000,false,broad,2,selected,Core,325380,1000,10009
1000,false,broad,2,core,Core,305201,1000,10009
1000,false,broad,3,selected,Core,313336,1000,10009
1000,false,broad,3,core,Core,296675,1000,10009
1000,false,broad,3,native,Native,432122,200,16608
1000,false,broad,4,core,Core,303478,1000,10009
1000,false,broad,4,native,Native,410942,200,16608
1000,false,broad,4,selected,Core,329286,1000,10009
1000,false,broad,5,native,Native,413276,200,16608
1000,false,broad,5,selected,Core,317014,1000,10009
1000,false,broad,5,core,Core,315020,1000,10009
1000,false,broad,6,selected,Core,316673,1000,10009
1000,false,broad,6,core,Core,353453,1000,10009
1000,false,broad,6,native,Native,447171,200,16608
1000,false,broad,7,core,Core,308047,1000,10009
1000,false,broad,7,native,Native,421371,200,16608
1000,false,broad,7,selected,Core,321742,1000,10009
1000,false,broad,8,native,Native,407716,200,16608
1000,false,broad,8,selected,Core,319979,1000,10009
1000,false,broad,8,core,Core,304078,1000,10009
1000,false,broad,9,selected,Core,308006,1000,10009
1000,false,broad,9,core,Core,295903,1000,10009
1000,false,broad,9,native,Native,424378,200,16608
1000,false,broad,10,core,Core,301674,1000,10009
1000,false,broad,10,native,Native,474433,200,16608
1000,false,broad,10,selected,Core,321311,1000,10009
1000,false,selective,0,selected,Native,82627,100,5010
1000,false,selective,0,core,Core,294371,1000,10009
1000,false,selective,0,native,Native,68070,100,5010
1000,false,selective,1,core,Core,308968,1000,10009
1000,false,selective,1,native,Native,74202,100,5010
1000,false,selective,1,selected,Native,78319,100,5010
1000,false,selective,2,native,Native,65856,100,5010
1000,false,selective,2,selected,Native,74482,100,5010
1000,false,selective,2,core,Core,295342,1000,10009
1000,false,selective,3,selected,Native,74933,100,5010
1000,false,selective,3,core,Core,298488,1000,10009
1000,false,selective,3,native,Native,71857,100,5010
1000,false,selective,4,core,Core,295302,1000,10009
1000,false,selective,4,native,Native,66586,100,5010
1000,false,selective,4,selected,Native,75433,100,5010
1000,false,selective,5,native,Native,65534,100,5010
1000,false,selective,5,selected,Native,73209,100,5010
1000,false,selective,5,core,Core,299951,1000,10009
1000,false,selective,6,selected,Native,75504,100,5010
1000,false,selective,6,core,Core,303869,1000,10009
1000,false,selective,6,native,Native,67769,100,5010
1000,false,selective,7,core,Core,292005,1000,10009
1000,false,selective,7,native,Native,66126,100,5010
1000,false,selective,7,selected,Native,79471,100,5010
1000,false,selective,8,native,Native,97887,100,5010
1000,false,selective,8,selected,Native,85262,100,5010
1000,false,selective,8,core,Core,305832,1000,10009
1000,false,selective,9,selected,Native,78159,100,5010
1000,false,selective,9,core,Core,292206,1000,10009
1000,false,selective,9,native,Native,70724,100,5010
1000,false,selective,10,core,Core,292217,1000,10009
1000,false,selective,10,native,Native,66937,100,5010
1000,false,selective,10,selected,Native,74371,100,5010
1000,false,none,0,selected,Native,44294,0,3010
1000,false,none,0,core,Core,294681,1000,10009
1000,false,none,0,native,Native,27733,0,3010
1000,false,none,1,core,Core,295202,1000,10009
1000,false,none,1,native,Native,27422,0,3010
1000,false,none,1,selected,Native,36069,0,3010
1000,false,none,2,native,Native,26520,0,3010
1000,false,none,2,selected,Native,34756,0,3010
1000,false,none,2,core,Core,291365,1000,10009
1000,false,none,3,selected,Native,37391,0,3010
1000,false,none,3,core,Core,290473,1000,10009
1000,false,none,3,native,Native,26731,0,3010
1000,false,none,4,core,Core,315350,1000,10009
1000,false,none,4,native,Native,27803,0,3010
1000,false,none,4,selected,Native,35257,0,3010
1000,false,none,5,native,Native,26761,0,3010
1000,false,none,5,selected,Native,34776,0,3010
1000,false,none,5,core,Core,301574,1000,10009
1000,false,none,6,selected,Native,38173,0,3010
1000,false,none,6,core,Core,290442,1000,10009
1000,false,none,6,native,Native,33554,0,3010
1000,false,none,7,core,Core,292637,1000,10009
1000,false,none,7,native,Native,27442,0,3010
1000,false,none,7,selected,Native,35778,0,3010
1000,false,none,8,native,Native,52690,0,3010
1000,false,none,8,selected,Native,74872,0,3010
1000,false,none,8,core,Core,373731,1000,10009
1000,false,none,9,selected,Native,50787,0,3010
1000,false,none,9,core,Core,374633,1000,10009
1000,false,none,9,native,Native,35538,0,3010
1000,false,none,10,core,Core,366568,1000,10009
1000,false,none,10,native,Native,33995,0,3010
1000,false,none,10,selected,Native,45767,0,3010
1000,true,broad,0,selected,Native,96123,200,2208
1000,true,broad,0,core,Core,334436,1000,10009
1000,true,broad,0,native,Native,98257,200,2208
1000,true,broad,1,core,Core,448143,1000,10009
1000,true,broad,1,native,Native,106402,200,2208
1000,true,broad,1,selected,Native,121541,200,2208
1000,true,broad,2,native,Native,93138,200,2208
1000,true,broad,2,selected,Native,102555,200,2208
1000,true,broad,2,core,Core,393339,1000,10009
1000,true,broad,3,selected,Native,106813,200,2208
1000,true,broad,3,core,Core,386095,1000,10009
1000,true,broad,3,native,Native,75895,200,2208
1000,true,broad,4,core,Core,370105,1000,10009
1000,true,broad,4,native,Native,115059,200,2208
1000,true,broad,4,selected,Native,114167,200,2208
1000,true,broad,5,native,Native,91624,200,2208
1000,true,broad,5,selected,Native,102084,200,2208
1000,true,broad,5,core,Core,384181,1000,10009
1000,true,broad,6,selected,Native,106453,200,2208
1000,true,broad,6,core,Core,378821,1000,10009
1000,true,broad,6,native,Native,93568,200,2208
1000,true,broad,7,core,Core,337783,1000,10009
1000,true,broad,7,native,Native,73449,200,2208
1000,true,broad,7,selected,Native,80774,200,2208
1000,true,broad,8,native,Native,70314,200,2208
1000,true,broad,8,selected,Native,79641,200,2208
1000,true,broad,8,core,Core,303096,1000,10009
1000,true,broad,9,selected,Native,80533,200,2208
1000,true,broad,9,core,Core,302365,1000,10009
1000,true,broad,9,native,Native,76005,200,2208
1000,true,broad,10,core,Core,301424,1000,10009
1000,true,broad,10,native,Native,73631,200,2208
1000,true,broad,10,selected,Native,81495,200,2208
1000,true,selective,0,selected,Native,48332,100,1112
1000,true,selective,0,core,Core,296104,1000,10009
1000,true,selective,0,native,Native,40978,100,1112
1000,true,selective,1,core,Core,304479,1000,10009
1000,true,selective,1,native,Native,41269,100,1112
1000,true,selective,1,selected,Native,48522,100,1112
1000,true,selective,2,native,Native,38453,100,1112
1000,true,selective,2,selected,Native,46849,100,1112
1000,true,selective,2,core,Core,295553,1000,10009
1000,true,selective,3,selected,Native,48773,100,1112
1000,true,selective,3,core,Core,309249,1000,10009
1000,true,selective,3,native,Native,40116,100,1112
1000,true,selective,4,core,Core,294550,1000,10009
1000,true,selective,4,native,Native,38143,100,1112
1000,true,selective,4,selected,Native,47541,100,1112
1000,true,selective,5,native,Native,38954,100,1112
1000,true,selective,5,selected,Native,48072,100,1112
1000,true,selective,5,core,Core,296584,1000,10009
1000,true,selective,6,selected,Native,48813,100,1112
1000,true,selective,6,core,Core,301303,1000,10009
1000,true,selective,6,native,Native,41028,100,1112
1000,true,selective,7,core,Core,294270,1000,10009
1000,true,selective,7,native,Native,39185,100,1112
1000,true,selective,7,selected,Native,47751,100,1112
1000,true,selective,8,native,Native,38183,100,1112
1000,true,selective,8,selected,Native,46639,100,1112
1000,true,selective,8,core,Core,300222,1000,10009
1000,true,selective,9,selected,Native,49043,100,1112
1000,true,selective,9,core,Core,294581,1000,10009
1000,true,selective,9,native,Native,39125,100,1112
1000,true,selective,10,core,Core,295262,1000,10009
1000,true,selective,10,native,Native,39295,100,1112
1000,true,selective,10,selected,Native,47490,100,1112
1000,true,none,0,selected,Native,16912,0,12
1000,true,none,0,core,Core,303838,1000,10009
1000,true,none,0,native,Native,7915,0,12
1000,true,none,1,core,Core,293468,1000,10009
1000,true,none,1,native,Native,7063,0,12
1000,true,none,1,selected,Native,16001,0,12
1000,true,none,2,native,Native,6662,0,12
1000,true,none,2,selected,Native,14949,0,12
1000,true,none,2,core,Core,295221,1000,10009
1000,true,none,3,selected,Native,15460,0,12
1000,true,none,3,core,Core,297215,1000,10009
1000,true,none,3,native,Native,7254,0,12
1000,true,none,4,core,Core,293889,1000,10009
1000,true,none,4,native,Native,6933,0,12
1000,true,none,4,selected,Native,15169,0,12
1000,true,none,5,native,Native,6703,0,12
1000,true,none,5,selected,Native,14789,0,12
1000,true,none,5,core,Core,292387,1000,10009
1000,true,none,6,selected,Native,15389,0,12
1000,true,none,6,core,Core,295482,1000,10009
1000,true,none,6,native,Native,7173,0,12
1000,true,none,7,core,Core,293579,1000,10009
1000,true,none,7,native,Native,6873,0,12
1000,true,none,7,selected,Native,15279,0,12
1000,true,none,8,native,Native,6683,0,12
1000,true,none,8,selected,Native,14858,0,12
1000,true,none,8,core,Core,292667,1000,10009
1000,true,none,9,selected,Native,15319,0,12
1000,true,none,9,core,Core,296464,1000,10009
1000,true,none,9,native,Native,7084,0,12
1000,true,none,10,core,Core,292115,1000,10009
1000,true,none,10,native,Native,6933,0,12
1000,true,none,10,selected,Native,15169,0,12
10000,false,broad,0,selected,Core,3441719,10000,100009
10000,false,broad,0,core,Core,3187846,10000,100009
10000,false,broad,0,native,Native,4151881,200,151608
10000,false,broad,1,core,Core,3336409,10000,100009
10000,false,broad,1,native,Native,4632065,200,151608
10000,false,broad,1,selected,Core,3181614,10000,100009
10000,false,broad,2,native,Native,4155017,200,151608
10000,false,broad,2,selected,Core,3042510,10000,100009
10000,false,broad,2,core,Core,3270393,10000,100009
10000,false,broad,3,selected,Core,3343723,10000,100009
10000,false,broad,3,core,Core,3001251,10000,100009
10000,false,broad,3,native,Native,4169685,200,151608
10000,false,broad,4,core,Core,3262599,10000,100009
10000,false,broad,4,native,Native,4450178,200,151608
10000,false,broad,4,selected,Core,3175062,10000,100009
10000,false,broad,5,native,Native,4147963,200,151608
10000,false,broad,5,selected,Core,3031699,10000,100009
10000,false,broad,5,core,Core,3274732,10000,100009
10000,false,broad,6,selected,Core,3582277,10000,100009
10000,false,broad,6,core,Core,3003977,10000,100009
10000,false,broad,6,native,Native,4171338,200,151608
10000,false,broad,7,core,Core,3213886,10000,100009
10000,false,broad,7,native,Native,4324810,200,151608
10000,false,broad,7,selected,Core,3141008,10000,100009
10000,false,broad,8,native,Native,4107496,200,151608
10000,false,broad,8,selected,Core,3002284,10000,100009
10000,false,broad,8,core,Core,3221080,10000,100009
10000,false,broad,9,selected,Core,3302244,10000,100009
10000,false,broad,9,core,Core,2978438,10000,100009
10000,false,broad,9,native,Native,4137454,200,151608
10000,false,broad,10,core,Core,3203275,10000,100009
10000,false,broad,10,native,Native,4299592,200,151608
10000,false,broad,10,selected,Core,3149904,10000,100009
10000,false,selective,0,selected,Native,259694,100,32010
10000,false,selective,0,core,Core,2888396,10000,100009
10000,false,selective,0,native,Native,249365,100,32010
10000,false,selective,1,core,Core,2900640,10000,100009
10000,false,selective,1,native,Native,253282,100,32010
10000,false,selective,1,selected,Native,253502,100,32010
10000,false,selective,2,native,Native,245527,100,32010
10000,false,selective,2,selected,Native,256368,100,32010
10000,false,selective,2,core,Core,2917461,10000,100009
10000,false,selective,3,selected,Native,261808,100,32010
10000,false,selective,3,core,Core,2893777,10000,100009
10000,false,selective,3,native,Native,244174,100,32010
10000,false,selective,4,core,Core,2888988,10000,100009
10000,false,selective,4,native,Native,243463,100,32010
10000,false,selective,4,selected,Native,251418,100,32010
10000,false,selective,5,native,Native,244525,100,32010
10000,false,selective,5,selected,Native,250406,100,32010
10000,false,selective,5,core,Core,2900900,10000,100009
10000,false,selective,6,selected,Native,254515,100,32010
10000,false,selective,6,core,Core,2894518,10000,100009
10000,false,selective,6,native,Native,243443,100,32010
10000,false,selective,7,core,Core,2907924,10000,100009
10000,false,selective,7,native,Native,254534,100,32010
10000,false,selective,7,selected,Native,254544,100,32010
10000,false,selective,8,native,Native,243954,100,32010
10000,false,selective,8,selected,Native,251338,100,32010
10000,false,selective,8,core,Core,2897744,10000,100009
10000,false,selective,9,selected,Native,253823,100,32010
10000,false,selective,9,core,Core,2936258,10000,100009
10000,false,selective,9,native,Native,256368,100,32010
10000,false,selective,10,core,Core,2896492,10000,100009
10000,false,selective,10,native,Native,247851,100,32010
10000,false,selective,10,selected,Native,255647,100,32010
10000,false,none,0,selected,Native,216653,0,30010
10000,false,none,0,core,Core,2873778,10000,100009
10000,false,none,0,native,Native,205972,0,30010
10000,false,none,1,core,Core,2873408,10000,100009
10000,false,none,1,native,Native,203076,0,30010
10000,false,none,1,selected,Native,211442,0,30010
10000,false,none,2,native,Native,206784,0,30010
10000,false,none,2,selected,Native,209358,0,30010
10000,false,none,2,core,Core,2854272,10000,100009
10000,false,none,3,selected,Native,214117,0,30010
10000,false,none,3,core,Core,2857367,10000,100009
10000,false,none,3,native,Native,214919,0,30010
10000,false,none,4,core,Core,2886804,10000,100009
10000,false,none,4,native,Native,206663,0,30010
10000,false,none,4,selected,Native,219748,0,30010
10000,false,none,5,native,Native,203387,0,30010
10000,false,none,5,selected,Native,216572,0,30010
10000,false,none,5,core,Core,2923082,10000,100009
10000,false,none,6,selected,Native,228124,0,30010
10000,false,none,6,core,Core,2896482,10000,100009
10000,false,none,6,native,Native,208737,0,30010
10000,false,none,7,core,Core,2900229,10000,100009
10000,false,none,7,native,Native,206724,0,30010
10000,false,none,7,selected,Native,213587,0,30010
10000,false,none,8,native,Native,202074,0,30010
10000,false,none,8,selected,Native,221191,0,30010
10000,false,none,8,core,Core,2907703,10000,100009
10000,false,none,9,selected,Native,217654,0,30010
10000,false,none,9,core,Core,2894678,10000,100009
10000,false,none,9,native,Native,205872,0,30010
10000,false,none,10,core,Core,2893827,10000,100009
10000,false,none,10,native,Native,205441,0,30010
10000,false,none,10,selected,Native,212775,0,30010
10000,true,broad,0,selected,Native,118536,200,2208
10000,true,broad,0,core,Core,3397836,10000,100009
10000,true,broad,0,native,Native,86444,200,2208
10000,true,broad,1,core,Core,3028082,10000,100009
10000,true,broad,1,native,Native,86665,200,2208
10000,true,broad,1,selected,Native,87447,200,2208
10000,true,broad,2,native,Native,72047,200,2208
10000,true,broad,2,selected,Native,81796,200,2208
10000,true,broad,2,core,Core,3261296,10000,100009
10000,true,broad,3,selected,Native,94190,200,2208
10000,true,broad,3,core,Core,3199459,10000,100009
10000,true,broad,3,native,Native,81956,200,2208
10000,true,broad,4,core,Core,3216110,10000,100009
10000,true,broad,4,native,Native,86204,200,2208
10000,true,broad,4,selected,Native,87546,200,2208
10000,true,broad,5,native,Native,71877,200,2208
10000,true,broad,5,selected,Native,80844,200,2208
10000,true,broad,5,core,Core,3186022,10000,100009
10000,true,broad,6,selected,Native,90693,200,2208
10000,true,broad,6,core,Core,3214618,10000,100009
10000,true,broad,6,native,Native,80043,200,2208
10000,true,broad,7,core,Core,3188096,10000,100009
10000,true,broad,7,native,Native,82578,200,2208
10000,true,broad,7,selected,Native,87387,200,2208
10000,true,broad,8,native,Native,71857,200,2208
10000,true,broad,8,selected,Native,80713,200,2208
10000,true,broad,8,core,Core,3210009,10000,100009
10000,true,broad,9,selected,Native,97476,200,2208
10000,true,broad,9,core,Core,3159663,10000,100009
10000,true,broad,9,native,Native,76275,200,2208
10000,true,broad,10,core,Core,3191803,10000,100009
10000,true,broad,10,native,Native,77587,200,2208
10000,true,broad,10,selected,Native,83589,200,2208
10000,true,selective,0,selected,Native,51869,100,1112
10000,true,selective,0,core,Core,3079330,10000,100009
10000,true,selective,0,native,Native,46158,100,1112
10000,true,selective,1,core,Core,2911420,10000,100009
10000,true,selective,1,native,Native,44344,100,1112
10000,true,selective,1,selected,Native,51838,100,1112
10000,true,selective,2,native,Native,39405,100,1112
10000,true,selective,2,selected,Native,48462,100,1112
10000,true,selective,2,core,Core,2928624,10000,100009
10000,true,selective,3,selected,Native,61637,100,1112
10000,true,selective,3,core,Core,2906341,10000,100009
10000,true,selective,3,native,Native,44204,100,1112
10000,true,selective,4,core,Core,2914787,10000,100009
10000,true,selective,4,native,Native,44204,100,1112
10000,true,selective,4,selected,Native,52039,100,1112
10000,true,selective,5,native,Native,45396,100,1112
10000,true,selective,5,selected,Native,121401,100,1112
10000,true,selective,5,core,Core,3106772,10000,100009
10000,true,selective,6,selected,Native,68571,100,1112
10000,true,selective,6,core,Core,2916881,10000,100009
10000,true,selective,6,native,Native,46349,100,1112
10000,true,selective,7,core,Core,2897374,10000,100009
10000,true,selective,7,native,Native,44905,100,1112
10000,true,selective,7,selected,Native,52670,100,1112
10000,true,selective,8,native,Native,39485,100,1112
10000,true,selective,8,selected,Native,48372,100,1112
10000,true,selective,8,core,Core,2903766,10000,100009
10000,true,selective,9,selected,Native,54363,100,1112
10000,true,selective,9,core,Core,2923032,10000,100009
10000,true,selective,9,native,Native,43984,100,1112
10000,true,selective,10,core,Core,2924224,10000,100009
10000,true,selective,10,native,Native,45537,100,1112
10000,true,selective,10,selected,Native,50877,100,1112
10000,true,none,0,selected,Native,18565,0,12
10000,true,none,0,core,Core,2924626,10000,100009
10000,true,none,0,native,Native,22623,0,12
10000,true,none,1,core,Core,2903716,10000,100009
10000,true,none,1,native,Native,15951,0,12
10000,true,none,1,selected,Native,21100,0,12
10000,true,none,2,native,Native,6823,0,12
10000,true,none,2,selected,Native,16321,0,12
10000,true,none,2,core,Core,2863539,10000,100009
10000,true,none,3,selected,Native,24006,0,12
10000,true,none,3,core,Core,2840786,10000,100009
10000,true,none,3,native,Native,9217,0,12
10000,true,none,4,core,Core,2839544,10000,100009
10000,true,none,4,native,Native,9167,0,12
10000,true,none,4,selected,Native,17143,0,12
10000,true,none,5,native,Native,6672,0,12
10000,true,none,5,selected,Native,15710,0,12
10000,true,none,5,core,Core,2851717,10000,100009
10000,true,none,6,selected,Native,19076,0,12
10000,true,none,6,core,Core,2857448,10000,100009
10000,true,none,6,native,Native,9027,0,12
10000,true,none,7,core,Core,2858579,10000,100009
10000,true,none,7,native,Native,9649,0,12
10000,true,none,7,selected,Native,17172,0,12
10000,true,none,8,native,Native,6743,0,12
10000,true,none,8,selected,Native,15550,0,12
10000,true,none,8,core,Core,2842890,10000,100009
10000,true,none,9,selected,Native,18936,0,12
10000,true,none,9,core,Core,2869841,10000,100009
10000,true,none,9,native,Native,8937,0,12
10000,true,none,10,core,Core,2857047,10000,100009
10000,true,none,10,native,Native,8697,0,12
10000,true,none,10,selected,Native,17022,0,12
100000,false,broad,0,selected,Core,35653428,100000,1000009
100000,false,broad,0,core,Core,32350702,100000,1000009
100000,false,broad,0,native,Native,51837515,200,1501608
100000,false,broad,1,core,Core,31242854,100000,1000009
100000,false,broad,1,native,Native,52007178,200,1501608
100000,false,broad,1,selected,Core,30354193,100000,1000009
100000,false,broad,2,native,Native,52186138,200,1501608
100000,false,broad,2,selected,Core,31096896,100000,1000009
100000,false,broad,2,core,Core,30564754,100000,1000009
100000,false,broad,3,selected,Core,30514659,100000,1000009
100000,false,broad,3,core,Core,30525890,100000,1000009
100000,false,broad,3,native,Native,53441578,200,1501608
100000,false,broad,4,core,Core,31453455,100000,1000009
100000,false,broad,4,native,Native,52739070,200,1501608
100000,false,broad,4,selected,Core,30696976,100000,1000009
100000,false,broad,5,native,Native,53140354,200,1501608
100000,false,broad,5,selected,Core,30490061,100000,1000009
100000,false,broad,5,core,Core,30789311,100000,1000009
100000,false,broad,6,selected,Core,30249153,100000,1000009
100000,false,broad,6,core,Core,30034955,100000,1000009
100000,false,broad,6,native,Native,52789667,200,1501608
100000,false,broad,7,core,Core,30584140,100000,1000009
100000,false,broad,7,native,Native,53344032,200,1501608
100000,false,broad,7,selected,Core,30833546,100000,1000009
100000,false,broad,8,native,Native,54272348,200,1501608
100000,false,broad,8,selected,Core,30894030,100000,1000009
100000,false,broad,8,core,Core,30197104,100000,1000009
100000,false,broad,9,selected,Core,30208065,100000,1000009
100000,false,broad,9,core,Core,30017312,100000,1000009
100000,false,broad,9,native,Native,52609103,200,1501608
100000,false,broad,10,core,Core,30947362,100000,1000009
100000,false,broad,10,native,Native,51901316,200,1501608
100000,false,broad,10,selected,Core,30861037,100000,1000009
100000,false,selective,0,selected,Native,2350433,100,302010
100000,false,selective,0,core,Core,29847508,100000,1000009
100000,false,selective,0,native,Native,2244081,100,302010
100000,false,selective,1,core,Core,29392983,100000,1000009
100000,false,selective,1,native,Native,2159008,100,302010
100000,false,selective,1,selected,Native,2082433,100,302010
100000,false,selective,2,native,Native,2077804,100,302010
100000,false,selective,2,selected,Native,2056574,100,302010
100000,false,selective,2,core,Core,29346465,100000,1000009
100000,false,selective,3,selected,Native,2165680,100,302010
100000,false,selective,3,core,Core,29435455,100000,1000009
100000,false,selective,3,native,Native,2175319,100,302010
100000,false,selective,4,core,Core,29480290,100000,1000009
100000,false,selective,4,native,Native,2164759,100,302010
100000,false,selective,4,selected,Native,2075189,100,302010
100000,false,selective,5,native,Native,2104465,100,302010
100000,false,selective,5,selected,Native,2057205,100,302010
100000,false,selective,5,core,Core,29483456,100000,1000009
100000,false,selective,6,selected,Native,2176572,100,302010
100000,false,selective,6,core,Core,29505137,100000,1000009
100000,false,selective,6,native,Native,2165100,100,302010
100000,false,selective,7,core,Core,29414535,100000,1000009
100000,false,selective,7,native,Native,2143940,100,302010
100000,false,selective,7,selected,Native,2091550,100,302010
100000,false,selective,8,native,Native,2029532,100,302010
100000,false,selective,8,selected,Native,2044090,100,302010
100000,false,selective,8,core,Core,29442398,100000,1000009
100000,false,selective,9,selected,Native,2200257,100,302010
100000,false,selective,9,core,Core,29517941,100000,1000009
100000,false,selective,9,native,Native,2182934,100,302010
100000,false,selective,10,core,Core,29377714,100000,1000009
100000,false,selective,10,native,Native,2142558,100,302010
100000,false,selective,10,selected,Native,2092161,100,302010
100000,false,none,0,selected,Native,3624717,0,300010
100000,false,none,0,core,Core,33652679,100000,1000009
100000,false,none,0,native,Native,2150091,0,300010
100000,false,none,1,core,Core,29105226,100000,1000009
100000,false,none,1,native,Native,2115937,0,300010
100000,false,none,1,selected,Native,2056875,0,300010
100000,false,none,2,native,Native,1993393,0,300010
100000,false,none,2,selected,Native,2004484,0,300010
100000,false,none,2,core,Core,28963246,100000,1000009
100000,false,none,3,selected,Native,2401580,0,300010
100000,false,none,3,core,Core,29367345,100000,1000009
100000,false,none,3,native,Native,2134162,0,300010
100000,false,none,4,core,Core,29038990,100000,1000009
100000,false,none,4,native,Native,2121577,0,300010
100000,false,none,4,selected,Native,2091501,0,300010
100000,false,none,5,native,Native,1986971,0,300010
100000,false,none,5,selected,Native,2093374,0,300010
100000,false,none,5,core,Core,28977032,100000,1000009
100000,false,none,6,selected,Native,2162865,0,300010
100000,false,none,6,core,Core,28975349,100000,1000009
100000,false,none,6,native,Native,2149891,0,300010
100000,false,none,7,core,Core,29102541,100000,1000009
100000,false,none,7,native,Native,2145061,0,300010
100000,false,none,7,selected,Native,2111077,0,300010
100000,false,none,8,native,Native,2044581,0,300010
100000,false,none,8,selected,Native,2066263,0,300010
100000,false,none,8,core,Core,28944109,100000,1000009
100000,false,none,9,selected,Native,2179969,0,300010
100000,false,none,9,core,Core,29032939,100000,1000009
100000,false,none,9,native,Native,2220767,0,300010
100000,false,none,10,core,Core,29237538,100000,1000009
100000,false,none,10,native,Native,2223311,0,300010
100000,false,none,10,selected,Native,2129102,0,300010
100000,true,broad,0,selected,Native,345317,200,2208
100000,true,broad,0,core,Core,33031708,100000,1000009
100000,true,broad,0,native,Native,131050,200,2208
100000,true,broad,1,core,Core,30191533,100000,1000009
100000,true,broad,1,native,Native,107555,200,2208
100000,true,broad,1,selected,Native,130218,200,2208
100000,true,broad,2,native,Native,79431,200,2208
100000,true,broad,2,selected,Native,97295,200,2208
100000,true,broad,2,core,Core,30009577,100000,1000009
100000,true,broad,3,selected,Native,151789,200,2208
100000,true,broad,3,core,Core,30051847,100000,1000009
100000,true,broad,3,native,Native,124267,200,2208
100000,true,broad,4,core,Core,30252099,100000,1000009
100000,true,broad,4,native,Native,104068,200,2208
100000,true,broad,4,selected,Native,129195,200,2208
100000,true,broad,5,native,Native,78740,200,2208
100000,true,broad,5,selected,Native,96023,200,2208
100000,true,broad,5,core,Core,29927521,100000,1000009
100000,true,broad,6,selected,Native,151268,200,2208
100000,true,broad,6,core,Core,30061326,100000,1000009
100000,true,broad,6,native,Native,113867,200,2208
100000,true,broad,7,core,Core,30026128,100000,1000009
100000,true,broad,7,native,Native,112214,200,2208
100000,true,broad,7,selected,Native,129126,200,2208
100000,true,broad,8,native,Native,79742,200,2208
100000,true,broad,8,selected,Native,95763,200,2208
100000,true,broad,8,core,Core,29909165,100000,1000009
100000,true,broad,9,selected,Native,150867,200,2208
100000,true,broad,9,core,Core,30121961,100000,1000009
100000,true,broad,9,native,Native,109689,200,2208
100000,true,broad,10,core,Core,30227592,100000,1000009
100000,true,broad,10,native,Native,114067,200,2208
100000,true,broad,10,selected,Native,133344,200,2208
100000,true,selective,0,selected,Native,88408,100,1112
100000,true,selective,0,core,Core,31593371,100000,1000009
100000,true,selective,0,native,Native,77868,100,1112
100000,true,selective,1,core,Core,29393545,100000,1000009
100000,true,selective,1,native,Native,70635,100,1112
100000,true,selective,1,selected,Native,96373,100,1112
100000,true,selective,2,native,Native,42892,100,1112
100000,true,selective,2,selected,Native,60485,100,1112
100000,true,selective,2,core,Core,29461555,100000,1000009
100000,true,selective,3,selected,Native,133835,100,1112
100000,true,selective,3,core,Core,29613373,100000,1000009
100000,true,selective,3,native,Native,85343,100,1112
100000,true,selective,4,core,Core,29969791,100000,1000009
100000,true,selective,4,native,Native,80423,100,1112
100000,true,selective,4,selected,Native,99690,100,1112
100000,true,selective,5,native,Native,43513,100,1112
100000,true,selective,5,selected,Native,60585,100,1112
100000,true,selective,5,core,Core,29709746,100000,1000009
100000,true,selective,6,selected,Native,136910,100,1112
100000,true,selective,6,core,Core,29733923,100000,1000009
100000,true,selective,6,native,Native,81114,100,1112
100000,true,selective,7,core,Core,29761946,100000,1000009
100000,true,selective,7,native,Native,84841,100,1112
100000,true,selective,7,selected,Native,97626,100,1112
100000,true,selective,8,native,Native,43503,100,1112
100000,true,selective,8,selected,Native,61267,100,1112
100000,true,selective,8,core,Core,29613533,100000,1000009
100000,true,selective,9,selected,Native,132372,100,1112
100000,true,selective,9,core,Core,29647378,100000,1000009
100000,true,selective,9,native,Native,73329,100,1112
100000,true,selective,10,core,Core,29592804,100000,1000009
100000,true,selective,10,native,Native,65394,100,1112
100000,true,selective,10,selected,Native,87947,100,1112
100000,true,none,0,selected,Native,48843,0,12
100000,true,none,0,core,Core,36119924,100000,1000009
100000,true,none,0,native,Native,37591,0,12
100000,true,none,1,core,Core,29565041,100000,1000009
100000,true,none,1,native,Native,32282,0,12
100000,true,none,1,selected,Native,58301,0,12
100000,true,none,2,native,Native,6773,0,12
100000,true,none,2,selected,Native,23925,0,12
100000,true,none,2,core,Core,29522430,100000,1000009
100000,true,none,3,selected,Native,64472,0,12
100000,true,none,3,core,Core,29627811,100000,1000009
100000,true,none,3,native,Native,35959,0,12
100000,true,none,4,core,Core,29665602,100000,1000009
100000,true,none,4,native,Native,35247,0,12
100000,true,none,4,selected,Native,62649,0,12
100000,true,none,5,native,Native,6783,0,12
100000,true,none,5,selected,Native,23735,0,12
100000,true,none,5,core,Core,29704236,100000,1000009
100000,true,none,6,selected,Native,90642,0,12
100000,true,none,6,core,Core,29572966,100000,1000009
100000,true,none,6,native,Native,34866,0,12
100000,true,none,7,core,Core,29632410,100000,1000009
100000,true,none,7,native,Native,37532,0,12
100000,true,none,7,selected,Native,62098,0,12
100000,true,none,8,native,Native,14698,0,12
100000,true,none,8,selected,Native,28084,0,12
100000,true,none,8,core,Core,29740705,100000,1000009
100000,true,none,9,selected,Native,93989,0,12
100000,true,none,9,core,Core,29596952,100000,1000009
100000,true,none,9,native,Native,39445,0,12
100000,true,none,10,core,Core,29860082,100000,1000009
100000,true,none,10,native,Native,50215,0,12
100000,true,none,10,selected,Native,69181,0,12
