phase,strategy,sample,rows,returned,ns,candidates,decoded_bytes,sqlite_vm_steps
construction,generated,0,0,0,57.072,0,0,0
construction,hybrid,0,0,0,58.631,0,0,0
construction,runtime_from_value,0,0,0,611.092,0,0,0
construction,hybrid,1,0,0,61.221,0,0,0
construction,runtime_from_value,1,0,0,601.782,0,0,0
construction,generated,1,0,0,56.854,0,0,0
construction,runtime_from_value,2,0,0,593.534,0,0,0
construction,generated,2,0,0,56.590,0,0,0
construction,hybrid,2,0,0,59.112,0,0,0
construction,generated,3,0,0,56.690,0,0,0
construction,hybrid,3,0,0,59.287,0,0,0
construction,runtime_from_value,3,0,0,598.190,0,0,0
construction,hybrid,4,0,0,59.089,0,0,0
construction,runtime_from_value,4,0,0,602.045,0,0,0
construction,generated,4,0,0,57.369,0,0,0
construction,runtime_from_value,5,0,0,596.473,0,0,0
construction,generated,5,0,0,56.921,0,0,0
construction,hybrid,5,0,0,58.858,0,0,0
construction,generated,6,0,0,56.562,0,0,0
construction,hybrid,6,0,0,58.927,0,0,0
construction,runtime_from_value,6,0,0,595.953,0,0,0
construction,hybrid,7,0,0,59.151,0,0,0
construction,runtime_from_value,7,0,0,600.482,0,0,0
construction,generated,7,0,0,56.553,0,0,0
construction,runtime_from_value,8,0,0,596.081,0,0,0
construction,generated,8,0,0,56.940,0,0,0
construction,hybrid,8,0,0,59.423,0,0,0
construction,generated,9,0,0,56.689,0,0,0
construction,hybrid,9,0,0,59.102,0,0,0
construction,runtime_from_value,9,0,0,602.010,0,0,0
construction,hybrid,10,0,0,59.597,0,0,0
construction,runtime_from_value,10,0,0,602.365,0,0,0
construction,generated,10,0,0,56.982,0,0,0
construction,runtime_from_value,11,0,0,595.849,0,0,0
construction,generated,11,0,0,56.667,0,0,0
construction,hybrid,11,0,0,59.752,0,0,0
construction,generated,12,0,0,56.783,0,0,0
construction,hybrid,12,0,0,59.805,0,0,0
construction,runtime_from_value,12,0,0,597.819,0,0,0
construction,hybrid,13,0,0,59.929,0,0,0
construction,runtime_from_value,13,0,0,597.162,0,0,0
construction,generated,13,0,0,56.542,0,0,0
construction,runtime_from_value,14,0,0,596.530,0,0,0
construction,generated,14,0,0,56.906,0,0,0
construction,hybrid,14,0,0,61.469,0,0,0
construction,generated,15,0,0,56.940,0,0,0
construction,hybrid,15,0,0,60.270,0,0,0
construction,runtime_from_value,15,0,0,593.524,0,0,0
construction,hybrid,16,0,0,58.790,0,0,0
construction,runtime_from_value,16,0,0,597.511,0,0,0
construction,generated,16,0,0,56.685,0,0,0
construction,runtime_from_value,17,0,0,597.338,0,0,0
construction,generated,17,0,0,56.538,0,0,0
construction,hybrid,17,0,0,59.086,0,0,0
construction,generated,18,0,0,56.615,0,0,0
construction,hybrid,18,0,0,58.954,0,0,0
construction,runtime_from_value,18,0,0,598.172,0,0,0
construction,hybrid,19,0,0,58.987,0,0,0
construction,runtime_from_value,19,0,0,595.837,0,0,0
construction,generated,19,0,0,56.724,0,0,0
construction,runtime_from_value,20,0,0,600.550,0,0,0
construction,generated,20,0,0,56.842,0,0,0
construction,hybrid,20,0,0,59.512,0,0,0
construction,generated,21,0,0,56.920,0,0,0
construction,hybrid,21,0,0,59.074,0,0,0
construction,runtime_from_value,21,0,0,599.466,0,0,0
construction,hybrid,22,0,0,59.595,0,0,0
construction,runtime_from_value,22,0,0,594.305,0,0,0
construction,generated,22,0,0,57.279,0,0,0
construction,runtime_from_value,23,0,0,599.995,0,0,0
construction,generated,23,0,0,56.609,0,0,0
construction,hybrid,23,0,0,59.322,0,0,0
construction,generated,24,0,0,56.757,0,0,0
construction,hybrid,24,0,0,59.400,0,0,0
construction,runtime_from_value,24,0,0,595.933,0,0,0
construction,hybrid,25,0,0,58.844,0,0,0
construction,runtime_from_value,25,0,0,600.428,0,0,0
construction,generated,25,0,0,57.045,0,0,0
construction,runtime_from_value,26,0,0,597.237,0,0,0
construction,generated,26,0,0,57.050,0,0,0
construction,hybrid,26,0,0,59.346,0,0,0
construction,generated,27,0,0,56.877,0,0,0
construction,hybrid,27,0,0,58.967,0,0,0
construction,runtime_from_value,27,0,0,597.154,0,0,0
construction,hybrid,28,0,0,59.610,0,0,0
construction,runtime_from_value,28,0,0,604.714,0,0,0
construction,generated,28,0,0,56.802,0,0,0
construction,runtime_from_value,29,0,0,594.079,0,0,0
construction,generated,29,0,0,56.775,0,0,0
construction,hybrid,29,0,0,59.550,0,0,0
construction,generated,30,0,0,56.498,0,0,0
construction,hybrid,30,0,0,59.530,0,0,0
construction,runtime_from_value,30,0,0,600.554,0,0,0
execution,sqlite_indexed_selective,0,1000,10,50616,100,8439,1112
execution,sqlite_unindexed_selective,0,1000,10,77838,100,8439,5010
execution,sqlite_snapshot_selective,0,1000,10,341950,1000,84249,10009
execution,redb_scan_selective,0,1000,10,265495,1000,84249,0
execution,sqlite_unindexed_selective,1,1000,10,77076,100,8439,5010
execution,sqlite_snapshot_selective,1,1000,10,309869,1000,84249,10009
execution,redb_scan_selective,1,1000,10,251217,1000,84249,0
execution,sqlite_indexed_selective,1,1000,10,47620,100,8439,1112
execution,sqlite_snapshot_selective,2,1000,10,308797,1000,84249,10009
execution,redb_scan_selective,2,1000,10,237642,1000,84249,0
execution,sqlite_indexed_selective,2,1000,10,43994,100,8439,1112
execution,sqlite_unindexed_selective,2,1000,10,69161,100,8439,5010
execution,redb_scan_selective,3,1000,10,239244,1000,84249,0
execution,sqlite_indexed_selective,3,1000,10,43362,100,8439,1112
execution,sqlite_unindexed_selective,3,1000,10,67959,100,8439,5010
execution,sqlite_snapshot_selective,3,1000,10,302675,1000,84249,10009
execution,sqlite_indexed_selective,4,1000,10,42600,100,8439,1112
execution,sqlite_unindexed_selective,4,1000,10,67097,100,8439,5010
execution,sqlite_snapshot_selective,4,1000,10,295672,1000,84249,10009
execution,redb_scan_selective,4,1000,10,243232,1000,84249,0
execution,sqlite_unindexed_selective,5,1000,10,68230,100,8439,5010
execution,sqlite_snapshot_selective,5,1000,10,309939,1000,84249,10009
execution,redb_scan_selective,5,1000,10,241198,1000,84249,0
execution,sqlite_indexed_selective,5,1000,10,44475,100,8439,1112
execution,sqlite_snapshot_selective,6,1000,10,295702,1000,84249,10009
execution,redb_scan_selective,6,1000,10,243543,1000,84249,0
execution,sqlite_indexed_selective,6,1000,10,47120,100,8439,1112
execution,sqlite_unindexed_selective,6,1000,10,69242,100,8439,5010
execution,redb_scan_selective,7,1000,10,236890,1000,84249,0
execution,sqlite_indexed_selective,7,1000,10,43002,100,8439,1112
execution,sqlite_unindexed_selective,7,1000,10,67609,100,8439,5010
execution,sqlite_snapshot_selective,7,1000,10,296644,1000,84249,10009
execution,sqlite_indexed_selective,8,1000,10,42270,100,8439,1112
execution,sqlite_unindexed_selective,8,1000,10,70885,100,8439,5010
execution,sqlite_snapshot_selective,8,1000,10,304549,1000,84249,10009
execution,redb_scan_selective,8,1000,10,242191,1000,84249,0
execution,sqlite_indexed_broad,0,1000,20,79652,200,16880,2208
execution,sqlite_unindexed_broad,0,1000,20,453592,200,16880,16608
execution,sqlite_snapshot_broad,0,1000,20,317163,1000,84249,10009
execution,redb_scan_broad,0,1000,20,252820,1000,84249,0
execution,sqlite_unindexed_broad,1,1000,20,433324,200,16880,16608
execution,sqlite_snapshot_broad,1,1000,20,310359,1000,84249,10009
execution,redb_scan_broad,1,1000,20,247340,1000,84249,0
execution,sqlite_indexed_broad,1,1000,20,79231,200,16880,2208
execution,sqlite_snapshot_broad,2,1000,20,307264,1000,84249,10009
execution,redb_scan_broad,2,1000,20,247971,1000,84249,0
execution,sqlite_indexed_broad,2,1000,20,76976,200,16880,2208
execution,sqlite_unindexed_broad,2,1000,20,418134,200,16880,16608
execution,redb_scan_broad,3,1000,20,241499,1000,84249,0
execution,sqlite_indexed_broad,3,1000,20,77798,200,16880,2208
execution,sqlite_unindexed_broad,3,1000,20,420810,200,16880,16608
execution,sqlite_snapshot_broad,3,1000,20,306112,1000,84249,10009
execution,sqlite_indexed_broad,4,1000,20,77677,200,16880,2208
execution,sqlite_unindexed_broad,4,1000,20,418235,200,16880,16608
execution,sqlite_snapshot_broad,4,1000,20,305621,1000,84249,10009
execution,redb_scan_broad,4,1000,20,246318,1000,84249,0
execution,sqlite_unindexed_broad,5,1000,20,418916,200,16880,16608
execution,sqlite_snapshot_broad,5,1000,20,303516,1000,84249,10009
execution,redb_scan_broad,5,1000,20,246288,1000,84249,0
execution,sqlite_indexed_broad,5,1000,20,77176,200,16880,2208
execution,sqlite_snapshot_broad,6,1000,20,304769,1000,84249,10009
execution,redb_scan_broad,6,1000,20,243012,1000,84249,0
execution,sqlite_indexed_broad,6,1000,20,78029,200,16880,2208
execution,sqlite_unindexed_broad,6,1000,20,419668,200,16880,16608
execution,redb_scan_broad,7,1000,20,250586,1000,84249,0
execution,sqlite_indexed_broad,7,1000,20,78729,200,16880,2208
execution,sqlite_unindexed_broad,7,1000,20,414357,200,16880,16608
execution,sqlite_snapshot_broad,7,1000,20,306763,1000,84249,10009
execution,sqlite_indexed_broad,8,1000,20,80122,200,16880,2208
execution,sqlite_unindexed_broad,8,1000,20,415259,200,16880,16608
execution,sqlite_snapshot_broad,8,1000,20,302986,1000,84249,10009
execution,redb_scan_broad,8,1000,20,246098,1000,84249,0
execution,sqlite_indexed_title_sort,0,1000,10,65073,100,8439,2313
execution,sqlite_unindexed_title_sort,0,1000,10,70003,100,8439,5010
execution,sqlite_snapshot_title_sort,0,1000,10,299559,1000,84249,10009
execution,redb_scan_title_sort,0,1000,10,237822,1000,84249,0
execution,sqlite_unindexed_title_sort,1,1000,10,70093,100,8439,5010
execution,sqlite_snapshot_title_sort,1,1000,10,299509,1000,84249,10009
execution,redb_scan_title_sort,1,1000,10,239205,1000,84249,0
execution,sqlite_indexed_title_sort,1,1000,10,60926,100,8439,2313
execution,sqlite_snapshot_title_sort,2,1000,10,297225,1000,84249,10009
execution,redb_scan_title_sort,2,1000,10,237912,1000,84249,0
execution,sqlite_indexed_title_sort,2,1000,10,58641,100,8439,2313
execution,sqlite_unindexed_title_sort,2,1000,10,71796,100,8439,5010
execution,redb_scan_title_sort,3,1000,10,234967,1000,84249,0
execution,sqlite_indexed_title_sort,3,1000,10,58471,100,8439,2313
execution,sqlite_unindexed_title_sort,3,1000,10,67658,100,8439,5010
execution,sqlite_snapshot_title_sort,3,1000,10,297194,1000,84249,10009
execution,sqlite_indexed_title_sort,4,1000,10,56627,100,8439,2313
execution,sqlite_unindexed_title_sort,4,1000,10,66957,100,8439,5010
execution,sqlite_snapshot_title_sort,4,1000,10,298147,1000,84249,10009
execution,redb_scan_title_sort,4,1000,10,240958,1000,84249,0
execution,sqlite_unindexed_title_sort,5,1000,10,70204,100,8439,5010
execution,sqlite_snapshot_title_sort,5,1000,10,299359,1000,84249,10009
execution,redb_scan_title_sort,5,1000,10,235758,1000,84249,0
execution,sqlite_indexed_title_sort,5,1000,10,63370,100,8439,2313
execution,sqlite_snapshot_title_sort,6,1000,10,298276,1000,84249,10009
execution,redb_scan_title_sort,6,1000,10,236429,1000,84249,0
execution,sqlite_indexed_title_sort,6,1000,10,58291,100,8439,2313
execution,sqlite_unindexed_title_sort,6,1000,10,68290,100,8439,5010
execution,redb_scan_title_sort,7,1000,10,235417,1000,84249,0
execution,sqlite_indexed_title_sort,7,1000,10,57840,100,8439,2313
execution,sqlite_unindexed_title_sort,7,1000,10,71185,100,8439,5010
execution,sqlite_snapshot_title_sort,7,1000,10,297435,1000,84249,10009
execution,sqlite_indexed_title_sort,8,1000,10,57379,100,8439,2313
execution,sqlite_unindexed_title_sort,8,1000,10,67307,100,8439,5010
execution,sqlite_snapshot_title_sort,8,1000,10,296213,1000,84249,10009
execution,redb_scan_title_sort,8,1000,10,241739,1000,84249,0
execution,sqlite_indexed_none,0,1000,0,11132,0,0,14
execution,sqlite_unindexed_none,0,1000,0,27432,0,0,3010
execution,sqlite_snapshot_none,0,1000,0,299149,1000,84249,10009
execution,redb_scan_none,0,1000,0,236369,1000,84249,0
execution,sqlite_unindexed_none,1,1000,0,27442,0,0,3010
execution,sqlite_snapshot_none,1,1000,0,295812,1000,84249,10009
execution,redb_scan_none,1,1000,0,237181,1000,84249,0
execution,sqlite_indexed_none,1,1000,0,9368,0,0,14
execution,sqlite_snapshot_none,2,1000,0,294940,1000,84249,10009
execution,redb_scan_none,2,1000,0,234446,1000,84249,0
execution,sqlite_indexed_none,2,1000,0,8406,0,0,14
execution,sqlite_unindexed_none,2,1000,0,26972,0,0,3010
execution,redb_scan_none,3,1000,0,234545,1000,84249,0
execution,sqlite_indexed_none,3,1000,0,8156,0,0,14
execution,sqlite_unindexed_none,3,1000,0,29356,0,0,3010
execution,sqlite_snapshot_none,3,1000,0,295001,1000,84249,10009
execution,sqlite_indexed_none,4,1000,0,8185,0,0,14
execution,sqlite_unindexed_none,4,1000,0,26551,0,0,3010
execution,sqlite_snapshot_none,4,1000,0,295210,1000,84249,10009
execution,redb_scan_none,4,1000,0,236539,1000,84249,0
execution,sqlite_unindexed_none,5,1000,0,27512,0,0,3010
execution,sqlite_snapshot_none,5,1000,0,311182,1000,84249,10009
execution,redb_scan_none,5,1000,0,238613,1000,84249,0
execution,sqlite_indexed_none,5,1000,0,12043,0,0,14
execution,sqlite_snapshot_none,6,1000,0,295281,1000,84249,10009
execution,redb_scan_none,6,1000,0,241199,1000,84249,0
execution,sqlite_indexed_none,6,1000,0,8877,0,0,14
execution,sqlite_unindexed_none,6,1000,0,27282,0,0,3010
execution,redb_scan_none,7,1000,0,234957,1000,84249,0
execution,sqlite_indexed_none,7,1000,0,8026,0,0,14
execution,sqlite_unindexed_none,7,1000,0,26139,0,0,3010
execution,sqlite_snapshot_none,7,1000,0,295071,1000,84249,10009
execution,sqlite_indexed_none,8,1000,0,7895,0,0,14
execution,sqlite_unindexed_none,8,1000,0,26380,0,0,3010
execution,sqlite_snapshot_none,8,1000,0,294099,1000,84249,10009
execution,redb_scan_none,8,1000,0,242110,1000,84249,0
execution,sqlite_indexed_selective,0,10000,10,89981,100,8532,1112
execution,sqlite_unindexed_selective,0,10000,10,336239,100,8532,32010
execution,sqlite_snapshot_selective,0,10000,10,3487698,10000,852498,100009
execution,redb_scan_selective,0,10000,10,2666448,10000,852498,0
execution,sqlite_unindexed_selective,1,10000,10,263350,100,8532,32010
execution,sqlite_snapshot_selective,1,10000,10,2905972,10000,852498,100009
execution,redb_scan_selective,1,10000,10,2355757,10000,852498,0
execution,sqlite_indexed_selective,1,10000,10,53601,100,8532,1112
execution,sqlite_snapshot_selective,2,10000,10,2913997,10000,852498,100009
execution,redb_scan_selective,2,10000,10,2347932,10000,852498,0
execution,sqlite_indexed_selective,2,10000,10,50927,100,8532,1112
execution,sqlite_unindexed_selective,2,10000,10,256387,100,8532,32010
execution,redb_scan_selective,3,10000,10,2341821,10000,852498,0
execution,sqlite_indexed_selective,3,10000,10,50186,100,8532,1112
execution,sqlite_unindexed_selective,3,10000,10,246018,100,8532,32010
execution,sqlite_snapshot_selective,3,10000,10,2913418,10000,852498,100009
execution,sqlite_indexed_selective,4,10000,10,46859,100,8532,1112
execution,sqlite_unindexed_selective,4,10000,10,254143,100,8532,32010
execution,sqlite_snapshot_selective,4,10000,10,2920771,10000,852498,100009
execution,redb_scan_selective,4,10000,10,2356909,10000,852498,0
execution,sqlite_unindexed_selective,5,10000,10,255356,100,8532,32010
execution,sqlite_snapshot_selective,5,10000,10,2909459,10000,852498,100009
execution,redb_scan_selective,5,10000,10,2341340,10000,852498,0
execution,sqlite_indexed_selective,5,10000,10,48633,100,8532,1112
execution,sqlite_snapshot_selective,6,10000,10,2909860,10000,852498,100009
execution,redb_scan_selective,6,10000,10,2354185,10000,852498,0
execution,sqlite_indexed_selective,6,10000,10,46719,100,8532,1112
execution,sqlite_unindexed_selective,6,10000,10,252129,100,8532,32010
execution,redb_scan_selective,7,10000,10,2340809,10000,852498,0
execution,sqlite_indexed_selective,7,10000,10,46949,100,8532,1112
execution,sqlite_unindexed_selective,7,10000,10,247760,100,8532,32010
execution,sqlite_snapshot_selective,7,10000,10,2919128,10000,852498,100009
execution,sqlite_indexed_selective,8,10000,10,46428,100,8532,1112
execution,sqlite_unindexed_selective,8,10000,10,244094,100,8532,32010
execution,sqlite_snapshot_selective,8,10000,10,2935268,10000,852498,100009
execution,redb_scan_selective,8,10000,10,2339416,10000,852498,0
execution,sqlite_indexed_broad,0,10000,20,96273,200,17073,2208
execution,sqlite_unindexed_broad,0,10000,20,4371999,200,17073,151608
execution,sqlite_snapshot_broad,0,10000,20,3017835,10000,852498,100009
execution,redb_scan_broad,0,10000,20,2412956,10000,852498,0
execution,sqlite_unindexed_broad,1,10000,20,4230320,200,17073,151608
execution,sqlite_snapshot_broad,1,10000,20,2980354,10000,852498,100009
execution,redb_scan_broad,1,10000,20,2426221,10000,852498,0
execution,sqlite_indexed_broad,1,10000,20,84641,200,17073,2208
execution,sqlite_snapshot_broad,2,10000,20,2984262,10000,852498,100009
execution,redb_scan_broad,2,10000,20,2409890,10000,852498,0
execution,sqlite_indexed_broad,2,10000,20,81445,200,17073,2208
execution,sqlite_unindexed_broad,2,10000,20,4259145,200,17073,151608
execution,redb_scan_broad,3,10000,20,2427864,10000,852498,0
execution,sqlite_indexed_broad,3,10000,20,87466,200,17073,2208
execution,sqlite_unindexed_broad,3,10000,20,4223727,200,17073,151608
execution,sqlite_snapshot_broad,3,10000,20,2984031,10000,852498,100009
execution,sqlite_indexed_broad,4,10000,20,86193,200,17073,2208
execution,sqlite_unindexed_broad,4,10000,20,4220340,200,17073,151608
execution,sqlite_snapshot_broad,4,10000,20,2995453,10000,852498,100009
execution,redb_scan_broad,4,10000,20,2420299,10000,852498,0
execution,sqlite_unindexed_broad,5,10000,20,4208909,200,17073,151608
execution,sqlite_snapshot_broad,5,10000,20,2992156,10000,852498,100009
execution,redb_scan_broad,5,10000,20,2425710,10000,852498,0
execution,sqlite_indexed_broad,5,10000,20,84882,200,17073,2208
execution,sqlite_snapshot_broad,6,10000,20,3006363,10000,852498,100009
execution,redb_scan_broad,6,10000,20,2434166,10000,852498,0
execution,sqlite_indexed_broad,6,10000,20,86514,200,17073,2208
execution,sqlite_unindexed_broad,6,10000,20,4265968,200,17073,151608
execution,redb_scan_broad,7,10000,20,2418887,10000,852498,0
execution,sqlite_indexed_broad,7,10000,20,85492,200,17073,2208
execution,sqlite_unindexed_broad,7,10000,20,4212906,200,17073,151608
execution,sqlite_snapshot_broad,7,10000,20,2995683,10000,852498,100009
execution,sqlite_indexed_broad,8,10000,20,83669,200,17073,2208
execution,sqlite_unindexed_broad,8,10000,20,4286867,200,17073,151608
execution,sqlite_snapshot_broad,8,10000,20,2982467,10000,852498,100009
execution,redb_scan_broad,8,10000,20,2435469,10000,852498,0
execution,sqlite_indexed_title_sort,0,10000,10,70494,100,8532,2313
execution,sqlite_unindexed_title_sort,0,10000,10,252109,100,8532,32010
execution,sqlite_snapshot_title_sort,0,10000,10,2910812,10000,852498,100009
execution,redb_scan_title_sort,0,10000,10,2348654,10000,852498,0
execution,sqlite_unindexed_title_sort,1,10000,10,253642,100,8532,32010
execution,sqlite_snapshot_title_sort,1,10000,10,2910281,10000,852498,100009
execution,redb_scan_title_sort,1,10000,10,2347531,10000,852498,0
execution,sqlite_indexed_title_sort,1,10000,10,67869,100,8532,2313
execution,sqlite_snapshot_title_sort,2,10000,10,2907836,10000,852498,100009
execution,redb_scan_title_sort,2,10000,10,2349876,10000,852498,0
execution,sqlite_indexed_title_sort,2,10000,10,65325,100,8532,2313
execution,sqlite_unindexed_title_sort,2,10000,10,246589,100,8532,32010
execution,redb_scan_title_sort,3,10000,10,2337122,10000,852498,0
execution,sqlite_indexed_title_sort,3,10000,10,65114,100,8532,2313
execution,sqlite_unindexed_title_sort,3,10000,10,248602,100,8532,32010
execution,sqlite_snapshot_title_sort,3,10000,10,2914839,10000,852498,100009
execution,sqlite_indexed_title_sort,4,10000,10,63901,100,8532,2313
execution,sqlite_unindexed_title_sort,4,10000,10,244124,100,8532,32010
execution,sqlite_snapshot_title_sort,4,10000,10,2921132,10000,852498,100009
execution,redb_scan_title_sort,4,10000,10,2345848,10000,852498,0
execution,sqlite_unindexed_title_sort,5,10000,10,253542,100,8532,32010
execution,sqlite_snapshot_title_sort,5,10000,10,2915320,10000,852498,100009
execution,redb_scan_title_sort,5,10000,10,2343684,10000,852498,0
execution,sqlite_indexed_title_sort,5,10000,10,67268,100,8532,2313
execution,sqlite_snapshot_title_sort,6,10000,10,3023105,10000,852498,100009
execution,redb_scan_title_sort,6,10000,10,2330870,10000,852498,0
execution,sqlite_indexed_title_sort,6,10000,10,64733,100,8532,2313
execution,sqlite_unindexed_title_sort,6,10000,10,245687,100,8532,32010
execution,redb_scan_title_sort,7,10000,10,2345347,10000,852498,0
execution,sqlite_indexed_title_sort,7,10000,10,64252,100,8532,2313
execution,sqlite_unindexed_title_sort,7,10000,10,246268,100,8532,32010
execution,sqlite_snapshot_title_sort,7,10000,10,2917524,10000,852498,100009
execution,sqlite_indexed_title_sort,8,10000,10,62980,100,8532,2313
execution,sqlite_unindexed_title_sort,8,10000,10,244224,100,8532,32010
execution,sqlite_snapshot_title_sort,8,10000,10,2936040,10000,852498,100009
execution,redb_scan_title_sort,8,10000,10,2353864,10000,852498,0
execution,sqlite_indexed_none,0,10000,0,19307,0,0,14
execution,sqlite_unindexed_none,0,10000,0,206212,0,0,30010
execution,sqlite_snapshot_none,0,10000,0,2912035,10000,852498,100009
execution,redb_scan_none,0,10000,0,2345467,10000,852498,0
execution,sqlite_unindexed_none,1,10000,0,206493,0,0,30010
execution,sqlite_snapshot_none,1,10000,0,2913678,10000,852498,100009
execution,redb_scan_none,1,10000,0,2352280,10000,852498,0
execution,sqlite_indexed_none,1,10000,0,15249,0,0,14
execution,sqlite_snapshot_none,2,10000,0,2987898,10000,852498,100009
execution,redb_scan_none,2,10000,0,2357180,10000,852498,0
execution,sqlite_indexed_none,2,10000,0,23605,0,0,14
execution,sqlite_unindexed_none,2,10000,0,208476,0,0,30010
execution,redb_scan_none,3,10000,0,2350538,10000,852498,0
execution,sqlite_indexed_none,3,10000,0,14297,0,0,14
execution,sqlite_unindexed_none,3,10000,0,203417,0,0,30010
execution,sqlite_snapshot_none,3,10000,0,3002185,10000,852498,100009
execution,sqlite_indexed_none,4,10000,0,28093,0,0,14
execution,sqlite_unindexed_none,4,10000,0,205931,0,0,30010
execution,sqlite_snapshot_none,4,10000,0,2948583,10000,852498,100009
execution,redb_scan_none,4,10000,0,2363121,10000,852498,0
execution,sqlite_unindexed_none,5,10000,0,218345,0,0,30010
execution,sqlite_snapshot_none,5,10000,0,2998769,10000,852498,100009
execution,redb_scan_none,5,10000,0,2333455,10000,852498,0
execution,sqlite_indexed_none,5,10000,0,13967,0,0,14
execution,sqlite_snapshot_none,6,10000,0,2929708,10000,852498,100009
execution,redb_scan_none,6,10000,0,2665536,10000,852498,0
execution,sqlite_indexed_none,6,10000,0,31069,0,0,14
execution,sqlite_unindexed_none,6,10000,0,213125,0,0,30010
execution,redb_scan_none,7,10000,0,2349846,10000,852498,0
execution,sqlite_indexed_none,7,10000,0,15259,0,0,14
execution,sqlite_unindexed_none,7,10000,0,205030,0,0,30010
execution,sqlite_snapshot_none,7,10000,0,2985423,10000,852498,100009
execution,sqlite_indexed_none,8,10000,0,14608,0,0,14
execution,sqlite_unindexed_none,8,10000,0,210270,0,0,30010
execution,sqlite_snapshot_none,8,10000,0,2938795,10000,852498,100009
execution,redb_scan_none,8,10000,0,2348844,10000,852498,0
execution,sqlite_indexed_selective,0,100000,10,125659,100,8632,1112
execution,sqlite_unindexed_selective,0,100000,10,2528325,100,8632,302010
execution,sqlite_snapshot_selective,0,100000,10,33438949,100000,8625037,1000009
execution,redb_scan_selective,0,100000,10,29597449,100000,8625037,0
execution,sqlite_unindexed_selective,1,100000,10,2433895,100,8632,302010
execution,sqlite_snapshot_selective,1,100000,10,31387901,100000,8625037,1000009
execution,redb_scan_selective,1,100000,10,25145368,100000,8625037,0
execution,sqlite_indexed_selective,1,100000,10,146739,100,8632,1112
execution,sqlite_snapshot_selective,2,100000,10,30735441,100000,8625037,1000009
execution,redb_scan_selective,2,100000,10,25169273,100000,8625037,0
execution,sqlite_indexed_selective,2,100000,10,144375,100,8632,1112
execution,sqlite_unindexed_selective,2,100000,10,2339496,100,8632,302010
execution,redb_scan_selective,3,100000,10,24953383,100000,8625037,0
execution,sqlite_indexed_selective,3,100000,10,130919,100,8632,1112
execution,sqlite_unindexed_selective,3,100000,10,2375204,100,8632,302010
execution,sqlite_snapshot_selective,3,100000,10,30820272,100000,8625037,1000009
execution,sqlite_indexed_selective,4,100000,10,110741,100,8632,1112
execution,sqlite_unindexed_selective,4,100000,10,2388469,100,8632,302010
execution,sqlite_snapshot_selective,4,100000,10,30904322,100000,8625037,1000009
execution,redb_scan_selective,4,100000,10,25209159,100000,8625037,0
execution,sqlite_unindexed_selective,5,100000,10,2364534,100,8632,302010
execution,sqlite_snapshot_selective,5,100000,10,30817948,100000,8625037,1000009
execution,redb_scan_selective,5,100000,10,24910812,100000,8625037,0
execution,sqlite_indexed_selective,5,100000,10,132612,100,8632,1112
execution,sqlite_snapshot_selective,6,100000,10,30151041,100000,8625037,1000009
execution,redb_scan_selective,6,100000,10,24752291,100000,8625037,0
execution,sqlite_indexed_selective,6,100000,10,134345,100,8632,1112
execution,sqlite_unindexed_selective,6,100000,10,2384411,100,8632,302010
execution,redb_scan_selective,7,100000,10,24395092,100000,8625037,0
execution,sqlite_indexed_selective,7,100000,10,121250,100,8632,1112
execution,sqlite_unindexed_selective,7,100000,10,2307415,100,8632,302010
execution,sqlite_snapshot_selective,7,100000,10,30094193,100000,8625037,1000009
execution,sqlite_indexed_selective,8,100000,10,99830,100,8632,1112
execution,sqlite_unindexed_selective,8,100000,10,2343423,100,8632,302010
execution,sqlite_snapshot_selective,8,100000,10,30695284,100000,8625037,1000009
execution,redb_scan_selective,8,100000,10,24787667,100000,8625037,0
execution,sqlite_indexed_broad,0,100000,20,347610,200,17273,2208
execution,sqlite_unindexed_broad,0,100000,20,53678333,200,17273,1501608
execution,sqlite_snapshot_broad,0,100000,20,32442025,100000,8625037,1000009
execution,redb_scan_broad,0,100000,20,25937443,100000,8625037,0
execution,sqlite_unindexed_broad,1,100000,20,52989053,200,17273,1501608
execution,sqlite_snapshot_broad,1,100000,20,31558295,100000,8625037,1000009
execution,redb_scan_broad,1,100000,20,26111544,100000,8625037,0
execution,sqlite_indexed_broad,1,100000,20,178118,200,17273,2208
execution,sqlite_snapshot_broad,2,100000,20,31252734,100000,8625037,1000009
execution,redb_scan_broad,2,100000,20,26039476,100000,8625037,0
execution,sqlite_indexed_broad,2,100000,20,167147,200,17273,2208
execution,sqlite_unindexed_broad,2,100000,20,53186578,200,17273,1501608
execution,redb_scan_broad,3,100000,20,25964324,100000,8625037,0
execution,sqlite_indexed_broad,3,100000,20,168039,200,17273,2208
execution,sqlite_unindexed_broad,3,100000,20,52682381,200,17273,1501608
execution,sqlite_snapshot_broad,3,100000,20,31561862,100000,8625037,1000009
execution,sqlite_indexed_broad,4,100000,20,148582,200,17273,2208
execution,sqlite_unindexed_broad,4,100000,20,52365288,200,17273,1501608
execution,sqlite_snapshot_broad,4,100000,20,31731975,100000,8625037,1000009
execution,redb_scan_broad,4,100000,20,25662070,100000,8625037,0
execution,sqlite_unindexed_broad,5,100000,20,52704292,200,17273,1501608
execution,sqlite_snapshot_broad,5,100000,20,31414291,100000,8625037,1000009
execution,redb_scan_broad,5,100000,20,25869995,100000,8625037,0
execution,sqlite_indexed_broad,5,100000,20,166186,200,17273,2208
execution,sqlite_snapshot_broad,6,100000,20,31515002,100000,8625037,1000009
execution,redb_scan_broad,6,100000,20,25824869,100000,8625037,0
execution,sqlite_indexed_broad,6,100000,20,168319,200,17273,2208
execution,sqlite_unindexed_broad,6,100000,20,52971790,200,17273,1501608
execution,redb_scan_broad,7,100000,20,26104040,100000,8625037,0
execution,sqlite_indexed_broad,7,100000,20,171566,200,17273,2208
execution,sqlite_unindexed_broad,7,100000,20,52424520,200,17273,1501608
execution,sqlite_snapshot_broad,7,100000,20,31471019,100000,8625037,1000009
execution,sqlite_indexed_broad,8,100000,20,140487,200,17273,2208
execution,sqlite_unindexed_broad,8,100000,20,52527225,200,17273,1501608
execution,sqlite_snapshot_broad,8,100000,20,31549609,100000,8625037,1000009
execution,redb_scan_broad,8,100000,20,25868551,100000,8625037,0
execution,sqlite_indexed_title_sort,0,100000,10,142471,100,8632,2313
execution,sqlite_unindexed_title_sort,0,100000,10,2361658,100,8632,302010
execution,sqlite_snapshot_title_sort,0,100000,10,30729170,100000,8625037,1000009
execution,redb_scan_title_sort,0,100000,10,24696765,100000,8625037,0
execution,sqlite_unindexed_title_sort,1,100000,10,2347902,100,8632,302010
execution,sqlite_snapshot_title_sort,1,100000,10,30629560,100000,8625037,1000009
execution,redb_scan_title_sort,1,100000,10,24985614,100000,8625037,0
execution,sqlite_indexed_title_sort,1,100000,10,167409,100,8632,2313
execution,sqlite_snapshot_title_sort,2,100000,10,30164055,100000,8625037,1000009
execution,redb_scan_title_sort,2,100000,10,24599881,100000,8625037,0
execution,sqlite_indexed_title_sort,2,100000,10,146819,100,8632,2313
execution,sqlite_unindexed_title_sort,2,100000,10,2329407,100,8632,302010
execution,redb_scan_title_sort,3,100000,10,24462229,100000,8625037,0
execution,sqlite_indexed_title_sort,3,100000,10,147871,100,8632,2313
execution,sqlite_unindexed_title_sort,3,100000,10,2290964,100,8632,302010
execution,sqlite_snapshot_title_sort,3,100000,10,30047544,100000,8625037,1000009
execution,sqlite_indexed_title_sort,4,100000,10,118626,100,8632,2313
execution,sqlite_unindexed_title_sort,4,100000,10,2291405,100,8632,302010
execution,sqlite_snapshot_title_sort,4,100000,10,30159196,100000,8625037,1000009
execution,redb_scan_title_sort,4,100000,10,24657511,100000,8625037,0
execution,sqlite_unindexed_title_sort,5,100000,10,2336350,100,8632,302010
execution,sqlite_snapshot_title_sort,5,100000,10,30055168,100000,8625037,1000009
execution,redb_scan_title_sort,5,100000,10,24731921,100000,8625037,0
execution,sqlite_indexed_title_sort,5,100000,10,148151,100,8632,2313
execution,sqlite_snapshot_title_sort,6,100000,10,30246031,100000,8625037,1000009
execution,redb_scan_title_sort,6,100000,10,24656428,100000,8625037,0
execution,sqlite_indexed_title_sort,6,100000,10,153352,100,8632,2313
execution,sqlite_unindexed_title_sort,6,100000,10,2315861,100,8632,302010
execution,redb_scan_title_sort,7,100000,10,24422093,100000,8625037,0
execution,sqlite_indexed_title_sort,7,100000,10,139835,100,8632,2313
execution,sqlite_unindexed_title_sort,7,100000,10,2288870,100,8632,302010
execution,sqlite_snapshot_title_sort,7,100000,10,30188372,100000,8625037,1000009
execution,sqlite_indexed_title_sort,8,100000,10,117363,100,8632,2313
execution,sqlite_unindexed_title_sort,8,100000,10,2276036,100,8632,302010
execution,sqlite_snapshot_title_sort,8,100000,10,30468734,100000,8625037,1000009
execution,redb_scan_title_sort,8,100000,10,24829858,100000,8625037,0
execution,sqlite_indexed_none,0,100000,0,103436,0,0,14
execution,sqlite_unindexed_none,0,100000,0,2291555,0,0,300010
execution,sqlite_snapshot_none,0,100000,0,30261681,100000,8625037,1000009
execution,redb_scan_none,0,100000,0,24811664,100000,8625037,0
execution,sqlite_unindexed_none,1,100000,0,2305742,0,0,300010
execution,sqlite_snapshot_none,1,100000,0,30280847,100000,8625037,1000009
execution,redb_scan_none,1,100000,0,24828756,100000,8625037,0
execution,sqlite_indexed_none,1,100000,0,89521,0,0,14
execution,sqlite_snapshot_none,2,100000,0,30507127,100000,8625037,1000009
execution,redb_scan_none,2,100000,0,24705973,100000,8625037,0
execution,sqlite_indexed_none,2,100000,0,87486,0,0,14
execution,sqlite_unindexed_none,2,100000,0,2255215,0,0,300010
execution,redb_scan_none,3,100000,0,24759173,100000,8625037,0
execution,sqlite_indexed_none,3,100000,0,93117,0,0,14
execution,sqlite_unindexed_none,3,100000,0,2258392,0,0,300010
execution,sqlite_snapshot_none,3,100000,0,30946211,100000,8625037,1000009
execution,sqlite_indexed_none,4,100000,0,77427,0,0,14
execution,sqlite_unindexed_none,4,100000,0,2240358,0,0,300010
execution,sqlite_snapshot_none,4,100000,0,30373954,100000,8625037,1000009
execution,redb_scan_none,4,100000,0,24677910,100000,8625037,0
execution,sqlite_unindexed_none,5,100000,0,2322123,0,0,300010
execution,sqlite_snapshot_none,5,100000,0,30389063,100000,8625037,1000009
execution,redb_scan_none,5,100000,0,25107365,100000,8625037,0
execution,sqlite_indexed_none,5,100000,0,94650,0,0,14
execution,sqlite_snapshot_none,6,100000,0,30737666,100000,8625037,1000009
execution,redb_scan_none,6,100000,0,24724277,100000,8625037,0
execution,sqlite_indexed_none,6,100000,0,88428,0,0,14
execution,sqlite_unindexed_none,6,100000,0,2245898,0,0,300010
execution,redb_scan_none,7,100000,0,24705372,100000,8625037,0
execution,sqlite_indexed_none,7,100000,0,78960,0,0,14
execution,sqlite_unindexed_none,7,100000,0,2268982,0,0,300010
execution,sqlite_snapshot_none,7,100000,0,30589193,100000,8625037,1000009
execution,sqlite_indexed_none,8,100000,0,65104,0,0,14
execution,sqlite_unindexed_none,8,100000,0,2238174,0,0,300010
execution,sqlite_snapshot_none,8,100000,0,30123909,100000,8625037,1000009
execution,redb_scan_none,8,100000,0,24838655,100000,8625037,0
write,sqlite_unindexed,0,10000,0,3716.570,0,0,0
write,sqlite_indexed,0,10000,0,5021.640,0,0,0
write,sqlite_indexed,1,10000,0,5324.920,0,0,0
write,sqlite_unindexed,1,10000,0,3611.560,0,0,0
write,sqlite_unindexed,2,10000,0,3704.540,0,0,0
write,sqlite_indexed,2,10000,0,5148.190,0,0,0
write,sqlite_indexed,3,10000,0,5152.900,0,0,0
write,sqlite_unindexed,3,10000,0,3681.400,0,0,0
write,sqlite_unindexed,4,10000,0,3684.710,0,0,0
write,sqlite_indexed,4,10000,0,5047.290,0,0,0
write,sqlite_indexed,5,10000,0,5199.780,0,0,0
write,sqlite_unindexed,5,10000,0,3469.890,0,0,0
write,sqlite_unindexed,6,10000,0,3529.810,0,0,0
write,sqlite_indexed,6,10000,0,5010.620,0,0,0
write,sqlite_indexed,7,10000,0,5227.040,0,0,0
write,sqlite_unindexed,7,10000,0,3613.860,0,0,0
write,sqlite_unindexed,8,10000,0,3726.290,0,0,0
write,sqlite_indexed,8,10000,0,5163.310,0,0,0
write,sqlite_indexed,9,10000,0,5089.470,0,0,0
write,sqlite_unindexed,9,10000,0,3675.980,0,0,0
write,sqlite_unindexed,10,10000,0,3516.380,0,0,0
write,sqlite_indexed,10,10000,0,5036.970,0,0,0
write,sqlite_indexed,11,10000,0,5231.640,0,0,0
write,sqlite_unindexed,11,10000,0,3579.000,0,0,0
write,sqlite_unindexed,12,10000,0,3724.580,0,0,0
write,sqlite_indexed,12,10000,0,5021.040,0,0,0
write,sqlite_indexed,13,10000,0,5174.630,0,0,0
write,sqlite_unindexed,13,10000,0,3572.090,0,0,0
write,sqlite_unindexed,14,10000,0,3605.350,0,0,0
write,sqlite_indexed,14,10000,0,5017.040,0,0,0
write,sqlite_indexed,15,10000,0,5201.690,0,0,0
write,sqlite_unindexed,15,10000,0,3607.350,0,0,0
write,sqlite_unindexed,16,10000,0,3582.410,0,0,0
write,sqlite_indexed,16,10000,0,4912.240,0,0,0
write,sqlite_indexed,17,10000,0,4954.010,0,0,0
write,sqlite_unindexed,17,10000,0,3510.170,0,0,0
write,sqlite_unindexed,18,10000,0,3503.860,0,0,0
write,sqlite_indexed,18,10000,0,4800.120,0,0,0
write,sqlite_indexed,19,10000,0,4921.950,0,0,0
write,sqlite_unindexed,19,10000,0,3452.970,0,0,0
write,sqlite_unindexed,20,10000,0,3462.580,0,0,0
write,sqlite_indexed,20,10000,0,4923.960,0,0,0
write,sqlite_indexed,21,10000,0,4893.300,0,0,0
write,sqlite_unindexed,21,10000,0,3445.850,0,0,0
write,sqlite_unindexed,22,10000,0,3530.710,0,0,0
write,sqlite_indexed,22,10000,0,4900.210,0,0,0
write,sqlite_indexed,23,10000,0,4910.440,0,0,0
write,sqlite_unindexed,23,10000,0,3496.950,0,0,0
write,sqlite_unindexed,24,10000,0,3498.350,0,0,0
write,sqlite_indexed,24,10000,0,4913.740,0,0,0
write,sqlite_indexed,25,10000,0,4913.940,0,0,0
write,sqlite_unindexed,25,10000,0,3444.750,0,0,0
write,sqlite_unindexed,26,10000,0,3479.610,0,0,0
write,sqlite_indexed,26,10000,0,4918.740,0,0,0
write,sqlite_indexed,27,10000,0,4884.380,0,0,0
write,sqlite_unindexed,27,10000,0,3477.210,0,0,0
write,sqlite_unindexed,28,10000,0,3470.400,0,0,0
write,sqlite_indexed,28,10000,0,4856.120,0,0,0
write,sqlite_indexed,29,10000,0,5029.360,0,0,0
write,sqlite_unindexed,29,10000,0,3453.760,0,0,0
write,sqlite_unindexed,30,10000,0,3548.450,0,0,0
write,sqlite_indexed,30,10000,0,4876.860,0,0,0
